,RandomForest_d7,RandomForest_d15,RandomForest_d19,KNNeighbors_2,AdaBoost,GaussianNB,SVC linear
0,0,0,0,0,0,1,0
1,1,1,1,1,1,1,1
2,1,1,1,0,1,1,0
3,0,0,0,0,0,1,0
4,1,1,1,1,1,0,1
5,0,0,0,0,0,0,0
6,0,0,0,0,0,0,0
7,1,1,1,1,1,1,1
8,1,1,1,1,1,1,1
9,0,0,0,0,0,1,0
10,0,0,0,0,0,0,0
11,0,0,0,0,0,0,0
12,1,1,1,1,1,0,1
13,0,0,0,0,0,0,0
14,1,0,0,0,1,1,0
15,1,1,1,1,1,1,1
16,0,0,0,0,0,0,0
17,1,0,0,0,0,0,0
18,1,1,1,0,1,1,1
19,1,1,1,1,1,0,1
20,0,0,0,0,0,0,0
21,1,1,1,1,1,1,1
22,1,1,1,1,1,0,1
23,0,1,1,1,0,1,0
24,0,0,0,0,0,1,0
25,0,0,0,0,0,0,0
26,0,0,0,0,0,0,0
27,1,1,1,1,1,1,1
28,0,0,0,0,1,1,1
29,0,0,0,0,0,0,0
30,1,1,1,1,1,1,1
31,1,1,1,1,1,1,1
32,0,0,0,0,0,0,0
33,1,1,1,1,1,1,0
34,0,0,0,0,0,0,0
35,1,0,0,0,1,1,1
36,0,0,0,0,1,1,0
37,1,1,1,1,1,0,1
38,0,0,0,0,0,0,0
39,0,0,0,0,0,0,0
40,1,1,1,1,1,1,1
41,0,0,0,0,0,0,0
42,1,1,1,1,1,0,1
43,1,1,1,1,1,0,1
44,0,0,0,0,0,0,0
45,1,1,1,1,1,1,1
46,0,0,0,0,0,1,0
47,1,0,0,0,0,0,0
48,0,0,0,0,0,0,0
49,0,0,0,0,1,0,1
50,0,0,0,0,0,0,0
51,1,1,1,1,1,1,1
52,0,0,0,0,0,1,1
53,1,1,1,1,1,0,1
54,0,0,0,0,0,0,0
55,1,1,1,1,1,1,1
56,1,1,1,1,1,1,1
57,0,0,0,0,1,1,1
58,1,1,1,1,1,0,1
59,0,0,0,0,1,0,0
60,1,1,1,1,1,1,1
61,0,0,0,0,0,0,0
62,0,0,0,0,0,0,0
63,1,1,1,1,1,1,1
64,1,1,1,1,1,1,0
65,1,1,1,1,1,1,1
66,1,1,1,1,1,0,1
67,0,0,0,0,0,0,0
68,0,0,0,0,0,1,1
69,1,0,0,0,1,0,0
70,0,0,0,0,0,1,0
71,1,1,1,1,1,1,1
72,1,1,1,1,1,0,1
73,1,1,1,1,0,1,1
74,1,1,1,1,1,1,1
75,0,1,1,1,0,0,0
76,0,0,0,0,0,0,0
77,0,0,0,0,0,0,0
78,1,1,1,1,1,1,1
79,0,0,0,0,0,0,0
80,0,0,0,0,0,1,0
81,1,1,1,1,1,1,1
82,0,0,0,0,0,0,0
83,1,1,1,0,1,1,1
84,1,1,1,1,1,0,1
85,0,0,0,0,0,0,0
86,0,0,0,0,0,0,0
87,0,0,0,0,0,1,0
88,0,1,1,0,0,0,0
89,0,0,0,0,0,0,0
90,0,0,0,0,0,0,0
91,1,1,1,1,1,1,1
92,0,0,0,0,0,0,0
93,0,0,0,0,0,0,0
94,0,0,0,1,0,0,0
95,0,0,0,0,0,0,0
96,1,1,1,1,0,0,0
97,1,1,1,1,1,1,1
98,0,0,0,0,1,1,1
99,0,0,0,0,0,0,0
100,1,1,1,1,1,0,0
101,1,1,1,1,1,1,1
102,0,0,0,0,0,0,0
103,0,0,0,0,0,0,0
104,1,1,1,1,1,1,1
105,1,1,1,1,1,0,1
106,0,0,0,0,0,0,1
107,0,0,0,0,0,0,0
108,1,1,1,1,1,1,1
109,0,0,0,0,0,1,0
110,1,1,1,1,1,1,1
111,0,0,0,0,0,0,0
112,1,1,1,1,1,1,1
113,1,1,1,0,0,0,1
114,1,1,1,1,1,1,1
115,1,1,1,1,1,1,1
116,0,0,0,0,0,1,0
117,1,1,1,1,1,1,1
118,0,0,0,0,0,0,0
119,1,1,1,1,1,1,1
120,1,1,1,1,1,1,1
121,1,1,1,1,1,1,1
122,1,1,1,1,1,1,1
123,1,1,1,1,1,1,1
124,0,0,0,0,0,0,0
125,0,0,0,0,0,0,0
126,0,0,0,0,0,1,0
127,1,1,1,1,1,1,1
128,0,0,0,0,0,0,0
129,0,0,0,0,0,0,0
130,0,1,1,0,1,0,1
131,1,1,1,1,1,1,1
132,1,1,1,1,1,1,1
133,1,1,1,1,1,1,1
134,1,1,1,0,1,1,1
135,1,1,1,1,1,1,1
136,1,1,1,1,1,0,1
137,1,1,1,1,0,0,1
138,0,0,0,0,0,0,0
139,0,0,0,0,0,0,0
140,0,0,0,0,1,0,1
141,1,1,1,1,1,1,1
142,0,0,0,0,0,0,0
143,0,0,0,0,0,0,0
144,1,1,1,1,1,0,0
145,0,0,0,0,0,0,0
146,1,1,1,1,1,0,0
147,1,1,1,1,1,1,0
148,1,1,1,0,1,1,1
149,1,1,1,1,1,0,1
150,1,1,1,1,1,1,1
151,0,1,1,1,1,1,1
152,0,0,0,0,0,0,0
153,0,0,0,0,0,0,1
154,1,1,1,1,1,1,1
155,0,0,0,0,0,0,0
156,0,1,1,1,0,0,0
157,1,1,1,1,0,1,1
158,0,1,1,1,1,0,1
159,1,1,1,1,1,1,1
160,0,0,0,0,0,0,0
161,1,1,1,1,1,1,1
162,0,0,0,0,0,0,0
163,1,1,1,1,1,1,1
164,1,1,1,1,1,1,1
165,0,0,0,0,0,0,0
166,1,1,1,1,1,1,1
167,1,1,1,1,1,0,1
168,1,1,1,1,0,1,0
169,0,0,0,0,0,0,0
170,0,0,0,0,0,0,0
171,1,1,1,1,1,1,1
172,1,1,1,1,0,1,0
173,1,1,1,1,1,1,1
174,1,1,1,1,1,1,1
175,0,0,0,0,0,1,0
176,1,1,1,1,1,1,1
177,1,1,1,1,1,0,0
178,0,0,0,0,0,0,0
179,1,1,1,1,1,1,1
180,0,0,0,0,0,1,0
181,1,1,1,1,1,0,0
182,1,1,1,1,1,1,1
183,0,0,0,0,0,0,0
184,1,0,0,0,0,1,1
185,1,1,1,1,1,1,1
186,1,1,1,1,1,1,1
187,0,0,0,0,0,0,0
188,1,1,1,1,1,1,1
189,0,0,0,0,1,1,1
190,0,1,1,1,0,0,0
191,1,1,1,1,1,0,1
192,0,1,1,1,1,0,1
193,0,0,0,0,0,0,0
194,1,1,1,1,1,1,1
195,1,1,1,1,1,0,1
196,0,0,0,0,0,0,0
197,1,1,1,1,1,1,1
198,0,0,0,0,0,0,0
199,0,0,0,0,0,1,0
200,1,1,1,1,1,1,1
201,1,1,1,1,1,1,1
202,0,0,0,0,0,1,1
203,1,1,1,1,1,1,1
204,1,1,1,0,1,0,1
205,1,0,0,0,1,0,0
206,1,1,1,1,1,1,1
207,1,1,1,1,1,1,1
208,1,1,1,1,1,1,1
209,1,1,1,1,1,1,1
210,1,1,1,1,1,1,1
211,1,1,1,1,1,1,1
212,1,0,0,0,1,1,1
213,1,1,1,1,1,1,1
214,0,0,0,0,0,0,0
215,0,0,0,0,0,0,0
216,1,1,1,1,1,1,1
217,0,0,0,0,0,1,1
218,1,1,1,1,1,1,1
219,0,0,0,0,0,0,0
220,0,1,1,1,1,1,1
221,1,1,1,1,1,1,1
222,1,1,1,1,1,1,1
223,1,1,1,1,1,1,1
224,1,1,1,1,1,0,1
225,1,1,1,1,1,1,1
226,0,0,0,0,0,0,0
227,0,0,0,0,1,1,0
228,0,0,0,0,0,0,0
229,0,0,0,0,0,1,0
230,1,1,1,1,1,1,1
231,0,0,0,0,0,0,0
232,0,1,1,1,0,0,0
233,0,0,0,0,0,1,0
234,0,0,0,0,0,0,0
235,0,0,0,0,0,0,0
236,1,1,1,1,1,1,1
237,1,1,1,1,1,1,1
238,0,0,0,0,0,0,0
239,0,0,0,0,0,0,0
240,1,1,1,1,1,1,1
241,1,1,1,1,1,1,0
242,0,0,0,0,0,0,0
243,1,1,1,1,1,1,1
244,0,1,1,1,1,0,1
245,1,1,1,1,1,0,1
246,1,1,1,1,1,1,1
247,0,0,0,0,0,0,0
248,1,1,1,1,1,0,1
249,1,1,1,1,1,0,1
250,0,0,0,0,0,0,1
251,1,1,1,1,1,1,1
252,0,1,1,0,0,0,0
253,1,1,1,1,1,0,1
254,1,1,1,1,1,0,1
255,1,1,1,0,1,1,1
256,1,1,1,1,1,1,1
257,0,0,0,1,0,0,0
258,0,0,0,0,0,0,0
259,1,1,1,1,1,1,1
260,0,0,0,0,0,1,0
261,1,1,1,1,1,1,1
262,1,1,1,1,1,1,1
263,1,1,1,1,1,1,1
264,1,1,1,1,1,1,1
265,1,1,1,1,1,1,0
266,0,0,0,0,0,1,0
267,1,1,1,1,1,1,1
268,1,1,1,0,1,1,1
269,0,0,0,0,0,0,0
270,1,1,1,1,1,1,1
271,1,1,1,1,1,1,1
272,1,1,1,1,1,1,1
273,1,1,1,1,1,1,1
274,1,1,1,1,1,0,1
275,1,1,1,0,1,0,1
276,1,1,1,1,1,1,1
277,1,1,1,1,1,1,1
278,1,1,1,1,1,1,1
279,0,0,0,0,0,0,0
280,0,0,0,0,0,0,0
281,1,1,1,1,1,1,0
282,1,1,1,1,1,0,0
283,0,0,0,0,0,0,0
284,0,0,0,0,0,1,0
285,0,0,0,0,0,1,0
286,1,1,1,1,1,1,1
287,0,0,0,0,0,0,0
288,0,0,0,0,0,0,0
289,0,0,0,0,0,0,0
290,0,0,0,0,0,0,0
291,1,1,1,1,1,1,1
292,0,0,0,0,0,0,0
293,1,1,1,1,1,0,1
294,1,1,1,1,1,1,1
295,1,1,1,1,1,1,1
296,0,0,0,0,0,0,0
297,1,1,1,1,1,1,1
298,1,1,1,1,1,1,1
299,1,1,1,1,1,1,1
300,1,1,1,1,1,1,1
301,1,1,1,0,1,1,1
302,1,1,1,1,1,1,1
303,1,1,1,1,1,1,1
304,1,1,1,1,1,0,1
305,1,1,1,1,1,1,1
306,1,1,1,1,1,0,1
307,1,1,1,1,1,1,1
308,1,1,1,0,1,0,1
309,1,1,1,1,1,1,1
310,1,1,1,1,1,1,1
311,1,1,1,1,1,1,1
312,1,1,1,1,1,0,1
313,0,0,0,0,0,1,1
314,1,1,1,1,1,0,1
315,1,1,1,0,1,1,1
316,1,1,1,1,1,1,1
317,1,1,1,1,1,1,1
318,1,1,1,1,1,1,1
319,1,1,1,1,1,1,1
320,1,0,0,0,0,0,0
321,1,1,1,1,1,1,1
322,1,1,1,0,1,0,1
323,0,0,0,0,0,0,1
324,0,0,0,0,0,1,0
325,0,0,0,0,0,0,0
326,1,1,1,1,1,1,1
327,0,0,0,0,0,0,0
328,1,1,1,1,0,1,1
329,1,1,1,1,1,1,1
330,1,1,1,1,1,1,1
331,0,0,0,0,0,0,1
332,0,0,0,0,0,0,0
333,0,0,0,0,0,0,0
334,0,0,0,0,0,1,0
335,0,0,0,0,0,0,0
336,1,1,1,1,1,1,1
337,1,1,1,1,1,1,1
338,1,1,1,1,1,0,1
339,0,0,0,0,0,0,0
340,1,0,0,0,1,0,1
341,1,1,1,1,1,1,1
342,1,1,1,1,1,1,1
343,0,0,0,0,0,0,0
344,0,0,0,0,0,0,0
345,1,1,1,1,1,0,1
346,1,1,1,1,1,1,1
347,1,1,1,1,1,0,1
348,1,1,1,1,0,1,0
349,1,1,1,1,1,0,1
350,0,0,0,0,1,1,1
351,1,1,1,1,1,0,1
352,1,1,1,1,1,1,1
353,1,1,1,1,1,1,1
354,0,0,0,0,0,0,0
355,1,1,1,1,1,0,0
356,0,0,0,0,0,0,0
357,0,0,0,0,0,0,1
358,0,0,0,0,0,1,0
359,0,0,0,0,0,1,0
360,1,1,1,1,1,1,1
361,1,1,1,1,1,1,1
362,1,0,0,0,1,1,1
363,1,1,1,0,1,1,0
364,1,1,1,1,1,1,0
365,1,1,1,1,1,1,1
366,0,0,0,0,0,0,0
367,1,1,1,1,1,0,1
368,0,0,0,0,0,1,1
369,1,1,1,1,1,1,1
370,0,0,0,0,0,0,0
371,1,1,1,1,1,1,1
372,0,0,0,0,0,0,0
373,1,1,1,1,1,1,1
374,1,1,1,1,1,1,1
375,1,1,1,1,1,1,1
376,0,0,0,0,1,0,0
377,1,1,1,1,1,1,1
378,1,1,1,1,1,1,1
379,1,1,1,0,1,1,1
380,0,0,0,0,0,0,0
381,0,0,0,0,0,0,0
382,0,0,0,0,0,0,0
383,1,1,1,1,1,1,1
384,0,0,0,0,0,0,0
385,1,1,1,1,0,0,1
386,1,1,1,0,1,1,1
387,1,1,1,1,1,1,1
388,0,1,1,1,1,0,1
389,1,1,1,1,1,1,1
390,1,1,1,1,1,1,1
391,1,0,0,0,1,1,1
392,0,0,0,0,1,1,1
393,0,0,0,0,0,0,0
394,0,0,0,0,0,0,0
395,1,1,1,1,1,1,1
396,1,1,0,1,1,1,1
397,1,1,1,1,1,1,1
398,0,0,0,0,0,0,0
399,0,0,0,0,1,0,1
400,0,0,0,0,0,0,0
401,1,0,0,0,1,1,1
402,1,1,1,1,1,0,0
403,1,1,1,1,1,0,0
404,1,1,1,1,1,1,1
405,1,1,1,1,1,0,1
406,1,1,1,1,1,1,1
407,1,1,1,1,1,1,1
408,1,1,1,1,1,1,1
409,0,0,0,0,0,1,0
410,0,0,0,0,0,0,0
411,1,1,1,1,1,1,1
412,1,1,1,1,1,1,1
413,0,0,0,0,0,0,0
414,0,0,0,0,0,0,0
415,0,0,0,0,0,0,0
416,0,0,1,1,1,0,1
417,1,1,1,1,1,1,1
418,0,1,1,1,1,1,1
419,0,0,0,0,0,0,0
420,0,0,0,0,0,1,0
421,1,1,1,1,1,1,0
422,1,1,1,1,1,1,1
423,0,0,0,0,0,0,0
424,1,1,1,1,1,1,1
425,1,0,0,0,1,0,1
426,1,1,1,1,1,0,1
427,1,1,1,1,1,1,1
428,1,1,1,0,1,1,1
429,0,0,0,0,0,0,0
430,0,0,0,0,1,0,1
431,0,0,0,0,0,1,0
432,0,0,0,0,0,0,0
433,1,1,1,0,1,1,0
434,1,1,1,1,1,1,1
435,1,1,1,1,0,1,1
436,0,0,0,0,0,0,0
437,0,0,0,0,0,0,0
438,0,0,0,0,0,0,0
439,1,1,1,1,1,1,1
440,1,1,1,1,1,1,1
441,1,1,1,1,1,1,1
442,1,1,1,1,1,1,1
443,0,0,0,0,0,0,0
444,1,1,1,1,1,1,1
445,0,0,1,0,1,1,1
446,0,0,0,0,0,0,1
447,0,0,0,0,0,1,1
448,1,1,1,1,1,1,1
449,0,0,0,0,0,1,0
450,1,1,1,1,1,1,1
451,1,1,1,1,1,1,1
452,1,1,1,1,1,1,1
453,0,0,0,0,1,1,1
454,1,1,1,1,1,1,1
455,1,1,1,1,1,0,1
456,1,1,1,1,1,1,1
457,0,0,0,0,0,0,0
458,1,1,1,1,1,1,1
459,0,0,0,0,0,1,0
460,1,1,1,1,1,1,1
461,0,0,0,0,0,0,0
462,0,0,0,0,0,0,0
463,0,0,0,0,0,0,0
464,1,1,1,1,1,1,1
465,1,1,1,1,1,1,1
466,1,1,1,1,1,1,1
467,0,0,0,0,0,1,0
468,1,1,1,1,1,1,1
469,0,0,0,0,0,0,0
470,1,1,1,0,0,1,0
471,1,1,1,1,1,1,1
472,1,1,1,1,1,1,1
473,0,0,0,0,0,0,0
474,0,0,0,0,0,1,0
475,1,1,1,1,1,1,1
476,0,0,0,0,0,0,0
477,0,0,0,0,0,0,0
478,1,1,1,1,1,1,1
479,0,0,0,0,0,0,0
480,1,1,1,1,1,1,1
481,1,1,1,1,1,0,0
482,1,1,1,1,1,0,1
483,1,1,1,1,1,1,0
484,0,0,0,0,0,0,0
485,1,1,1,1,1,1,1
486,1,1,1,1,1,1,1
487,0,0,0,0,0,1,0
488,1,1,1,1,1,1,1
489,1,1,1,1,1,1,1
490,0,0,0,0,0,0,0
491,1,1,1,1,1,0,1
492,0,0,0,0,0,0,0
493,1,1,1,1,1,1,1
494,1,1,1,1,1,1,1
495,0,0,0,0,0,0,0
496,0,1,1,1,0,0,0
497,1,1,1,1,1,1,1
498,1,1,1,1,1,0,1
499,1,1,1,1,1,0,0
500,1,1,1,1,1,1,1
501,1,0,0,0,0,0,1
502,0,1,1,1,1,0,0
503,1,1,1,1,1,1,0
504,0,0,0,0,0,0,0
505,1,1,1,1,1,1,1
506,0,0,0,0,0,0,0
507,1,1,1,1,1,1,1
508,1,1,1,1,0,1,0
509,1,0,0,0,0,1,0
510,0,0,0,0,0,0,1
511,1,1,1,1,1,1,1
512,1,1,1,1,1,1,1
513,1,1,1,1,1,1,1
514,1,1,1,1,1,0,1
515,1,1,1,1,1,1,1
516,1,1,1,1,1,1,1
517,1,1,1,1,1,1,1
518,0,0,0,0,0,0,0
519,1,1,1,1,1,1,1
520,0,0,0,0,0,1,0
521,0,0,0,0,0,1,1
522,0,0,0,0,0,0,0
523,1,1,1,1,1,1,1
524,0,0,0,0,0,0,0
525,1,1,1,1,1,1,1
526,1,1,1,1,1,1,0
527,0,0,0,0,0,0,0
528,1,1,1,1,1,1,1
529,1,1,1,1,1,0,1
530,0,0,0,0,0,0,0
531,0,1,1,0,1,0,1
532,0,0,0,0,0,0,0
533,0,0,0,0,1,1,0
534,0,0,0,0,0,1,0
535,1,0,0,0,1,0,1
536,0,0,0,0,0,1,0
537,1,1,1,1,1,1,1
538,0,0,0,0,0,0,0
539,0,0,0,0,0,0,0
540,0,0,0,0,0,0,0
541,0,0,0,0,0,0,0
542,0,0,0,0,0,0,0
543,0,0,0,0,0,0,1
544,0,0,0,0,0,0,0
545,1,1,1,1,1,1,1
546,1,1,1,1,1,1,1
547,0,0,0,0,0,0,0
548,1,1,1,1,1,1,1
549,0,0,0,0,0,0,0
550,0,0,0,0,0,1,0
551,0,0,0,0,0,1,0
552,0,0,0,0,0,0,0
553,1,1,1,1,0,1,1
554,0,0,0,0,0,1,0
555,1,1,1,1,1,0,1
556,1,1,1,1,1,1,1
557,0,0,0,1,0,0,0
558,0,0,0,0,0,1,1
559,0,0,0,1,1,0,0
560,1,1,1,1,1,1,1
561,1,1,1,1,1,1,1
562,1,1,1,1,1,0,1
563,1,0,0,0,1,0,1
564,1,1,1,1,1,1,1
565,0,0,0,0,0,0,0
566,0,0,0,0,0,0,0
567,1,1,1,1,1,1,1
568,1,0,0,0,0,0,1
569,0,0,0,0,0,0,0
570,0,1,1,1,0,1,1
571,0,0,0,0,0,0,0
572,0,0,0,0,0,0,0
573,1,0,0,0,1,1,1
574,0,0,0,0,0,0,0
575,1,1,1,1,1,1,1
576,0,0,0,0,0,0,0
577,0,0,0,0,1,1,1
578,1,1,1,1,1,1,1
579,0,0,0,0,0,1,0
580,0,0,0,0,1,0,0
581,1,1,1,1,1,1,1
582,0,0,0,0,0,0,0
583,0,0,0,0,0,0,0
584,0,0,0,0,1,1,1
585,0,0,0,0,0,0,0
586,0,0,0,0,0,0,0
587,1,1,1,1,1,1,1
588,0,1,1,0,0,0,0
589,1,1,1,1,1,0,1
590,0,1,1,1,1,1,1
591,1,1,1,1,1,1,1
592,1,0,0,0,0,1,0
593,0,0,0,0,0,0,0
594,0,0,0,0,0,0,0
595,0,0,0,0,0,0,0
596,1,1,1,1,1,1,1
597,1,1,1,1,1,1,1
598,1,1,1,1,1,1,1
599,1,1,1,1,1,1,1
600,1,1,1,1,1,1,1
601,1,1,1,1,1,1,1
602,1,1,1,1,1,1,1
603,1,1,1,1,1,0,1
604,1,1,1,1,1,1,1
605,0,0,0,0,0,0,0
606,1,1,1,0,1,1,1
607,1,1,1,1,1,1,1
608,0,0,0,0,0,0,0
609,1,1,1,1,1,1,0
610,0,0,0,0,1,1,1
611,1,1,1,1,1,1,1
612,1,1,1,0,1,1,1
613,1,1,1,1,1,1,1
614,0,1,0,0,1,1,1
615,0,0,0,0,1,1,1
616,1,1,1,1,1,0,1
617,1,1,1,0,1,1,1
618,0,0,0,0,0,0,0
619,1,1,1,1,1,1,1
620,0,0,0,0,0,0,0
621,1,1,1,1,1,1,1
622,1,1,1,1,1,0,1
623,0,0,0,0,0,1,0
624,1,1,1,1,1,1,1
625,1,1,1,1,1,0,1
626,1,1,1,1,1,0,1
627,0,1,1,1,1,0,0
628,1,1,1,1,1,1,1
629,0,0,0,0,0,0,0
630,1,1,1,1,1,1,1
631,0,1,1,1,0,1,1
632,1,1,1,1,1,0,1
633,1,1,1,1,1,1,1
634,1,1,1,1,1,0,1
635,0,0,0,0,0,0,0
636,1,1,1,1,1,1,1
637,0,0,0,0,0,0,0
638,1,1,1,1,1,0,1
639,0,0,0,0,0,0,0
640,1,1,1,1,1,1,1
641,1,1,1,1,1,1,1
642,1,1,1,1,1,1,1
643,0,0,0,0,0,0,0
644,0,0,0,0,0,0,0
645,0,0,0,0,0,1,1
646,0,0,0,0,0,1,0
647,1,1,1,1,1,1,1
648,1,1,1,1,1,0,1
649,1,1,1,1,1,1,1
650,0,0,0,0,0,1,0
651,1,1,1,1,1,1,1
652,0,0,0,0,0,1,1
653,1,1,1,1,1,1,0
654,1,1,1,0,1,1,1
655,1,1,1,1,1,0,0
656,0,0,0,0,0,0,0
657,1,1,1,1,1,1,1
658,1,1,1,1,1,1,1
659,1,0,0,0,1,0,1
660,0,0,0,0,0,1,0
661,1,1,1,1,1,1,1
662,0,0,0,0,0,0,0
663,1,1,1,1,1,1,1
664,1,1,1,1,1,1,1
665,0,0,0,0,0,1,1
666,0,0,0,0,1,1,0
667,0,0,0,0,0,0,1
668,1,1,1,1,1,1,1
669,0,0,0,0,0,0,0
670,1,1,1,1,1,1,1
671,1,1,1,1,1,1,1
672,0,0,0,0,0,0,0
673,1,1,1,1,1,1,1
674,0,0,0,0,0,0,0
675,0,0,0,0,0,0,0
676,1,1,1,1,1,1,1
677,1,1,1,1,1,1,1
678,0,0,0,0,0,0,0
679,1,1,1,1,1,1,1
680,1,1,1,1,1,1,1
681,0,0,0,0,0,0,0
682,1,1,1,1,1,1,1
683,1,1,1,1,1,0,1
684,1,1,1,1,1,0,1
685,0,0,0,0,0,0,0
686,1,1,1,1,1,1,1
687,1,1,1,1,1,1,1
688,0,0,0,0,0,0,0
689,1,1,1,1,1,1,1
690,0,0,0,0,0,0,0
691,1,1,1,1,1,1,1
692,0,0,0,0,0,0,0
693,0,0,0,0,0,0,0
694,0,0,0,0,0,1,0
695,0,0,0,0,0,0,1
696,1,1,1,1,1,1,1
697,0,0,0,0,0,0,0
698,1,1,1,1,1,0,1
699,0,0,0,0,0,0,0
700,0,0,0,0,0,0,0
701,1,1,1,1,1,1,1
702,1,1,1,1,1,1,1
703,1,1,1,1,1,1,1
704,1,1,1,1,1,1,1
705,1,1,1,1,1,0,1
706,0,0,0,0,0,1,0
707,1,1,1,1,1,1,1
708,0,1,1,1,0,1,0
709,0,0,0,0,0,0,0
710,0,0,0,0,0,0,0
711,0,0,0,0,0,0,0
712,0,0,0,0,0,0,0
713,0,0,0,0,0,1,1
714,1,1,1,1,1,1,1
715,0,0,0,0,0,0,0
716,1,1,1,1,1,1,1
717,1,1,1,1,1,1,1
718,1,1,1,1,1,1,1
719,1,1,1,1,1,0,1
720,1,1,1,1,1,1,1
721,0,0,0,0,0,1,0
722,1,1,1,1,1,1,1
723,0,1,1,1,0,0,0
724,0,0,0,0,0,0,0
725,0,0,0,0,0,1,0
726,0,0,0,0,0,0,0
727,1,0,0,0,1,1,1
728,0,0,0,0,0,0,0
729,0,0,0,0,0,0,0
730,1,1,1,0,1,1,1
731,0,0,0,0,0,0,0
732,1,1,1,1,1,0,1
733,0,0,0,0,0,0,0
734,0,0,0,0,0,0,0
735,0,0,0,0,0,0,0
736,0,0,0,0,0,0,0
737,1,1,1,1,1,1,1
738,1,1,1,1,1,1,1
739,0,0,0,0,0,0,0
740,1,1,1,1,1,1,1
741,1,1,1,0,1,1,1
742,0,0,0,1,1,0,0
743,1,1,1,1,1,1,1
744,0,0,0,0,0,0,0
745,0,0,0,0,0,0,0
746,0,0,0,0,0,0,0
747,1,1,1,1,1,1,1
748,1,1,1,1,1,1,1
749,0,0,0,0,0,0,0
750,0,0,0,0,0,0,0
751,0,0,0,1,0,0,0
752,1,1,1,1,1,1,1
753,0,0,0,0,0,0,0
754,0,0,0,0,0,0,0
755,1,1,1,1,1,1,1
756,1,1,1,1,1,1,1
757,1,1,1,1,1,1,1
758,0,1,1,1,0,0,0
759,1,1,1,1,1,1,1
760,0,0,0,0,0,0,0
761,0,0,0,0,0,0,0
762,1,1,1,1,1,1,1
763,1,1,1,1,1,0,1
764,0,0,0,0,0,0,0
765,1,1,1,1,1,1,1
766,1,1,1,1,1,0,1
767,1,1,1,1,1,1,1
768,1,1,1,1,1,1,1
769,1,1,1,1,1,0,0
770,0,0,0,0,0,0,1
771,0,0,0,0,0,0,0
772,1,1,1,1,1,0,1
773,0,0,0,0,0,0,0
774,0,0,0,0,0,1,0
775,1,1,1,1,1,1,1
776,0,0,0,0,0,1,0
777,0,0,0,0,0,0,0
778,0,0,0,0,0,1,0
779,0,0,0,0,1,1,0
780,1,1,1,1,1,1,1
781,1,1,1,1,1,1,1
782,0,0,0,0,0,1,0
783,1,1,1,1,1,1,1
784,1,1,1,1,1,0,1
785,0,0,0,0,0,0,0
786,0,0,0,0,0,1,0
787,0,0,0,0,1,1,0
788,0,0,0,0,0,0,0
789,0,0,0,0,0,0,0
790,0,0,0,0,0,0,0
791,1,1,1,1,1,1,1
792,1,1,1,1,1,1,0
793,1,1,1,1,1,1,1
794,1,1,1,1,0,1,1
795,1,1,1,1,1,0,1
796,1,0,0,0,1,0,1
797,0,0,0,0,0,0,0
798,1,1,1,1,1,1,1
799,0,1,0,0,0,1,0
800,0,0,0,0,0,0,0
801,1,1,1,1,1,1,1
802,0,0,0,0,0,0,0
803,1,1,1,1,1,1,1
804,1,1,1,0,1,0,1
805,0,0,0,0,0,0,0
806,1,1,1,1,1,1,1
807,1,1,1,1,1,1,1
808,1,1,1,1,1,1,1
809,1,1,1,1,1,1,1
810,1,1,1,1,1,1,1
811,1,1,1,1,1,1,1
812,0,0,0,0,0,0,0
813,0,0,0,0,0,0,0
814,0,0,0,0,0,0,0
815,1,1,1,1,1,1,1
816,1,1,1,1,1,0,1
817,0,0,0,0,0,1,0
818,0,0,0,0,0,0,0
819,1,1,1,1,1,1,1
820,0,0,0,0,0,1,1
821,1,1,1,1,1,1,1
822,1,1,1,1,0,0,1
823,0,0,0,0,0,0,0
824,0,0,0,0,0,1,0
825,0,1,1,1,1,0,1
826,1,1,1,1,1,1,1
827,0,0,0,0,0,0,0
828,0,1,1,1,1,0,0
829,1,1,1,1,1,1,1
830,0,0,0,0,0,0,0
831,1,1,1,1,1,1,1
832,1,1,1,1,1,1,1
833,1,1,1,0,1,1,1
834,1,1,1,1,1,1,1
835,1,1,1,1,1,0,1
836,0,0,0,0,0,0,0
837,1,1,1,1,1,1,1
838,1,1,1,1,1,1,1
839,0,0,0,0,0,0,0
840,0,0,0,0,0,0,0
841,1,1,1,0,1,0,0
842,0,0,0,0,0,0,0
843,1,1,1,1,1,1,1
844,0,0,0,0,0,0,0
845,0,1,1,1,0,0,0
846,1,1,1,1,1,0,1
847,1,1,1,0,1,1,1
848,0,0,0,0,0,0,0
849,0,1,1,1,1,1,0
850,0,0,0,0,1,0,0
851,0,0,0,0,0,0,0
852,0,0,0,0,0,0,1
853,1,1,1,1,1,0,1
854,0,0,0,0,0,0,0
855,0,0,0,0,0,0,0
856,1,1,1,1,1,1,1
857,1,1,1,1,1,1,1
858,0,0,0,0,0,0,0
859,0,0,0,0,0,0,0
860,1,1,1,1,1,0,1
861,1,0,1,0,1,0,1
862,1,1,1,1,1,1,1
863,0,0,0,0,0,0,0
864,0,0,0,1,0,0,0
865,0,0,0,0,0,0,0
866,1,1,1,0,1,1,1
867,1,1,1,1,1,1,1
868,1,1,1,1,1,1,1
869,0,0,0,0,0,0,0
870,1,1,1,1,1,1,1
871,0,0,0,0,1,0,0
872,1,1,1,1,1,1,1
873,1,1,1,1,1,1,1
874,1,1,1,1,1,0,1
875,0,1,1,1,0,0,1
876,0,0,0,0,0,1,0
877,1,1,1,1,1,1,1
878,0,0,0,0,0,0,0
879,1,1,1,1,1,1,1
880,1,1,1,1,1,0,1
881,1,1,1,1,1,1,1
882,1,1,1,1,1,0,0
883,0,0,0,0,0,0,0
884,0,0,0,0,0,0,0
885,1,1,1,0,0,0,0
886,0,0,0,0,0,0,0
887,1,1,1,1,1,1,1
888,0,0,0,1,1,1,1
889,0,0,0,0,1,1,1
890,0,0,0,0,0,0,0
891,0,0,0,0,0,1,0
892,1,1,1,1,1,0,1
893,1,1,1,1,1,1,1
894,1,1,1,1,1,0,1
895,1,1,1,1,0,0,0
896,1,1,1,1,0,0,1
897,1,1,1,1,1,1,1
898,1,1,1,0,1,1,1
899,0,0,0,0,0,0,0
900,1,1,1,1,1,0,0
901,1,1,1,1,1,1,1
902,1,1,1,0,0,0,1
903,1,1,1,1,1,1,1
904,1,1,1,1,1,1,1
905,0,0,0,0,0,0,0
906,0,0,0,0,0,1,1
907,0,0,0,0,0,0,0
908,1,1,1,1,1,1,1
909,0,0,0,0,0,0,0
910,1,1,1,1,1,1,1
911,0,0,0,0,0,0,0
912,0,1,1,1,0,1,0
913,0,0,0,0,0,0,1
914,1,1,1,1,1,1,1
915,1,1,1,1,1,0,1
916,1,1,1,1,1,1,1
917,0,0,0,0,0,1,0
918,1,1,1,1,1,1,1
919,1,1,1,1,1,1,1
920,0,0,0,0,0,0,0
921,1,1,1,1,1,1,1
922,1,1,1,1,1,1,1
923,1,1,1,1,1,0,1
924,0,0,0,0,0,0,0
925,1,1,1,1,1,1,1
926,1,0,0,0,1,1,1
927,1,1,1,1,1,0,1
928,1,1,1,1,1,1,1
929,1,1,1,1,1,1,1
930,1,1,1,1,1,1,1
931,0,0,0,0,0,1,0
932,1,1,1,1,1,1,1
933,1,1,1,1,1,1,1
934,1,1,1,1,1,0,1
935,0,0,0,0,0,0,0
936,0,1,1,1,1,0,0
937,0,0,0,0,0,0,0
938,1,1,1,1,1,0,0
939,1,1,1,1,1,1,1
940,1,1,1,1,1,1,1
941,1,1,1,1,1,1,1
942,1,1,1,1,1,1,1
943,0,1,1,1,0,0,0
944,1,1,1,1,1,1,1
945,1,1,1,0,1,0,1
946,1,1,1,1,1,1,1
947,0,0,0,0,0,0,0
948,1,1,1,1,1,1,1
949,0,0,0,0,0,1,0
950,1,1,1,1,1,1,1
951,1,1,1,0,1,1,1
952,0,0,0,0,0,0,1
953,1,1,1,1,0,1,1
954,0,0,0,0,0,0,0
955,1,1,1,1,1,1,1
956,1,1,1,1,1,0,1
957,0,1,1,1,0,1,1
958,1,1,1,1,1,1,1
959,1,1,1,1,1,1,1
960,1,1,1,1,1,1,1
961,1,1,1,1,1,1,1
962,1,1,1,1,1,0,0
963,1,1,1,1,1,1,1
964,0,0,0,0,0,0,0
965,1,1,1,1,1,1,1
966,1,1,1,1,1,1,1
967,0,0,0,0,0,0,0
968,0,0,0,0,0,0,0
969,0,1,1,1,0,0,0
970,0,0,0,0,0,0,0
971,0,0,0,0,0,0,0
972,1,1,1,1,1,1,1
973,1,1,1,1,1,0,1
974,1,1,1,1,1,1,1
975,1,1,1,1,1,0,1
976,0,0,0,0,0,0,0
977,0,0,0,0,0,1,0
978,1,1,1,1,1,0,0
979,1,1,1,1,1,1,1
980,1,1,1,1,1,1,1
981,1,1,1,1,1,1,1
982,1,1,1,1,1,1,1
983,0,1,1,1,0,1,0
984,1,1,1,1,1,1,1
985,0,0,0,0,0,0,0
986,1,1,1,1,1,1,1
987,1,1,1,1,1,0,1
988,1,1,1,1,1,1,0
989,0,0,0,1,0,0,1
990,1,1,1,1,1,1,1
991,0,0,0,0,0,0,0
992,1,1,1,1,1,1,1
993,1,1,1,1,1,1,1
994,0,0,0,0,0,0,0
995,0,0,0,0,0,1,0
996,0,0,0,0,0,0,0
997,1,1,1,1,1,1,1
998,0,0,0,0,0,0,0
999,1,1,1,1,0,0,1
1000,1,1,1,1,1,0,1
1001,0,0,0,0,0,1,1
1002,1,1,1,0,1,1,1
1003,1,1,1,1,1,1,1
1004,1,1,1,1,1,0,1
1005,1,1,1,1,1,1,1
1006,1,1,1,1,1,0,1
1007,1,1,1,1,1,1,1
1008,0,0,0,0,0,0,0
1009,1,1,1,1,1,0,1
1010,0,0,0,0,0,0,0
1011,0,0,0,0,0,0,0
1012,1,1,1,1,1,1,1
1013,0,0,0,0,0,0,0
1014,0,0,0,0,0,1,0
1015,1,1,1,1,0,1,1
1016,1,1,1,1,1,0,1
1017,1,1,1,0,1,1,1
1018,1,1,1,1,1,0,0
1019,1,1,1,1,1,1,1
1020,0,0,0,0,0,0,0
1021,1,1,1,1,1,1,1
1022,1,1,1,1,1,1,0
1023,0,1,1,1,1,0,0
1024,1,1,1,1,1,1,1
1025,1,1,1,1,1,1,1
1026,1,1,1,1,1,1,1
1027,1,1,1,1,1,1,1
1028,1,1,1,1,1,1,1
1029,1,1,1,1,1,1,1
1030,1,1,1,1,1,1,1
1031,1,1,1,1,1,0,1
1032,0,0,0,0,0,0,0
1033,1,0,0,0,1,0,1
1034,0,0,1,0,0,0,0
1035,1,1,1,1,1,1,1
1036,0,0,0,0,0,0,0
1037,1,1,1,1,1,1,1
1038,1,1,1,1,1,1,1
1039,1,1,1,1,1,1,1
1040,0,1,1,1,1,1,1
1041,0,1,1,0,0,1,1
1042,1,1,1,1,1,1,1
1043,1,1,1,1,1,1,1
1044,0,0,0,0,0,0,0
1045,1,1,1,1,1,1,1
1046,1,1,1,0,1,1,1
1047,0,0,0,0,0,1,1
1048,1,1,1,1,1,1,1
1049,0,0,0,0,0,0,0
1050,0,0,0,0,0,0,0
1051,0,0,0,0,0,0,0
1052,1,1,1,1,1,1,1
1053,1,1,1,0,1,1,1
1054,0,0,0,0,0,0,0
1055,0,0,0,0,0,0,0
1056,1,1,1,1,1,1,1
1057,1,1,1,1,1,0,1
1058,0,0,0,0,0,0,0
1059,0,0,0,0,0,0,0
1060,0,0,0,0,1,0,0
1061,0,0,0,0,0,0,0
1062,0,0,0,0,0,0,0
1063,1,1,1,1,1,1,1
1064,1,1,1,1,1,1,1
1065,1,1,1,1,1,1,1
1066,1,1,1,1,1,0,1
1067,1,1,1,1,1,0,0
1068,1,1,1,1,1,0,1
1069,0,1,1,0,1,0,0
1070,0,0,0,0,0,0,0
1071,1,1,1,1,1,1,1
1072,1,1,1,1,1,1,1
1073,1,1,1,1,1,1,1
1074,0,0,0,0,0,0,1
1075,0,0,0,0,0,0,0
1076,0,0,0,0,0,0,0
1077,1,1,1,1,1,1,1
1078,1,1,1,1,1,1,1
1079,0,0,0,0,0,1,1
1080,1,1,1,1,1,1,1
1081,0,1,1,1,0,0,0
1082,0,0,0,0,0,1,0
1083,1,1,1,1,1,1,1
1084,0,0,0,0,0,0,0
1085,1,1,1,1,1,0,1
1086,1,1,1,1,1,1,1
1087,1,0,0,0,1,1,1
1088,1,1,1,1,1,1,1
1089,0,0,0,0,0,0,0
1090,1,1,1,1,1,1,1
1091,1,1,1,1,1,1,1
1092,1,1,1,1,1,1,1
1093,0,1,1,1,1,1,1
1094,1,1,1,1,1,1,1
1095,1,1,1,1,1,1,0
1096,1,1,1,1,1,1,1
1097,0,0,0,0,0,0,0
1098,1,1,1,1,1,1,1
1099,0,0,0,0,0,1,1
1100,0,0,0,0,0,0,0
1101,0,0,0,0,0,1,1
1102,1,1,1,1,1,1,1
1103,1,1,1,1,1,1,1
1104,1,0,0,0,1,1,1
1105,1,1,1,1,1,1,1
1106,1,1,1,1,1,1,1
1107,0,0,0,0,0,0,0
1108,0,0,0,0,0,0,0
1109,1,1,1,1,1,1,1
1110,1,1,1,1,1,1,1
1111,1,1,1,1,1,1,1
1112,1,1,1,1,0,1,0
1113,0,0,0,0,0,1,0
1114,0,0,0,0,1,0,1
1115,1,1,1,1,1,1,1
1116,1,1,1,1,1,1,1
1117,0,0,0,0,0,1,0
1118,1,1,1,1,1,0,0
1119,1,1,1,0,1,1,1
1120,1,1,1,1,1,1,1
1121,1,1,1,1,1,1,1
1122,1,1,1,1,1,1,1
1123,1,1,1,1,1,1,1
1124,0,0,0,0,0,0,0
1125,1,1,1,1,1,1,1
1126,1,1,1,1,1,1,1
1127,1,1,1,1,1,1,1
1128,1,1,1,1,1,0,1
1129,1,1,1,1,1,1,0
1130,0,0,0,0,0,0,0
1131,0,0,0,0,0,0,0
1132,1,1,1,1,1,1,1
1133,0,0,0,0,0,0,0
1134,0,0,0,0,1,1,0
1135,1,1,1,1,1,1,1
1136,0,0,0,0,0,0,0
1137,1,1,1,1,1,1,1
1138,1,1,1,1,1,1,1
1139,1,1,1,0,1,1,1
1140,1,1,1,1,1,1,1
1141,1,1,1,1,1,1,1
1142,1,1,1,1,1,1,1
1143,1,1,1,1,1,1,1
1144,0,0,0,0,0,0,0
1145,1,1,1,0,1,1,1
1146,0,0,0,0,0,1,0
1147,1,1,1,1,1,1,1
1148,1,1,1,1,1,0,1
1149,1,1,1,1,1,1,1
1150,1,1,1,0,1,1,0
1151,1,1,1,1,1,1,1
1152,0,0,0,0,0,0,0
1153,0,0,0,0,0,0,0
1154,1,1,1,1,1,1,1
1155,0,0,0,0,0,0,0
1156,0,0,0,0,0,1,0
1157,1,1,1,1,1,1,1
1158,1,1,1,1,1,1,1
1159,1,1,1,1,1,1,1
1160,1,1,1,1,1,1,1
1161,0,0,0,0,0,0,0
1162,0,0,0,0,0,0,0
1163,1,1,1,1,1,0,1
1164,1,1,1,1,1,0,1
1165,1,1,1,1,0,1,0
1166,1,1,1,1,1,1,1
1167,0,0,0,0,0,1,0
1168,1,1,1,1,1,1,1
1169,1,1,1,1,1,1,1
1170,1,1,1,1,1,0,1
1171,1,1,1,0,1,1,0
1172,1,1,1,1,1,1,1
1173,1,1,1,1,1,1,1
1174,1,1,1,1,1,1,1
1175,1,1,1,1,1,1,1
1176,0,0,0,0,0,0,0
1177,0,0,0,0,1,1,0
1178,0,0,0,0,1,1,1
1179,1,1,1,1,1,1,1
1180,1,1,1,1,1,0,1
1181,1,1,1,1,1,1,1
1182,0,0,0,0,0,0,0
1183,1,1,1,1,1,1,1
1184,1,1,1,1,1,1,1
1185,1,1,1,1,1,1,1
1186,1,1,1,1,1,0,1
1187,0,0,0,0,0,0,0
1188,0,0,0,0,0,0,0
1189,1,1,1,1,1,1,1
1190,0,0,0,0,0,0,0
1191,1,1,1,1,1,0,1
1192,1,1,1,1,1,1,0
1193,1,1,1,1,1,1,1
1194,1,1,1,1,1,0,1
1195,0,0,0,0,0,1,0
1196,0,0,0,0,0,0,0
1197,1,1,1,1,1,1,1
1198,0,0,0,0,0,0,0
1199,0,0,0,0,0,0,0
1200,1,1,1,1,1,1,1
1201,1,1,1,1,1,1,1
1202,1,1,1,1,1,1,1
1203,0,0,0,0,0,1,1
1204,1,0,0,0,1,0,1
1205,1,1,1,1,1,1,1
1206,0,0,0,0,0,0,0
1207,0,0,0,0,0,0,0
1208,0,0,0,0,0,0,0
1209,1,1,1,1,1,0,1
1210,0,1,1,0,1,0,1
1211,0,0,0,0,0,1,0
1212,1,1,1,1,0,0,0
1213,1,1,1,1,1,1,1
1214,1,1,1,1,1,0,1
1215,1,1,1,1,1,1,1
1216,0,1,1,1,1,0,1
1217,1,1,1,0,0,0,1
1218,1,1,1,1,1,1,1
1219,0,0,0,0,0,0,0
1220,1,1,1,1,0,1,1
1221,1,1,1,1,1,1,1
1222,1,1,1,1,1,0,1
1223,1,1,1,1,1,1,1
1224,0,0,0,0,0,0,0
1225,1,1,1,1,1,1,1
1226,0,0,0,0,0,0,1
1227,0,0,0,0,0,0,0
1228,0,1,1,1,1,0,1
1229,1,1,1,1,1,1,1
1230,0,0,0,0,0,0,0
1231,1,1,1,1,1,1,1
1232,1,1,1,1,1,1,1
1233,0,0,0,0,0,0,0
1234,0,0,0,0,0,0,0
1235,1,1,1,1,1,0,1
1236,0,0,0,0,0,1,1
1237,1,1,1,1,0,1,1
1238,0,0,0,0,0,0,0
1239,1,1,1,1,1,1,1
1240,0,1,1,1,1,0,0
1241,0,0,0,0,0,0,0
1242,1,1,1,1,1,0,1
1243,1,1,1,1,1,1,1
1244,1,1,1,1,0,1,0
1245,1,1,1,1,1,1,1
1246,1,1,1,1,1,1,1
1247,1,1,1,1,1,1,1
1248,1,1,1,1,1,0,1
1249,0,0,0,0,0,0,0
1250,1,1,1,1,1,0,1
1251,1,1,1,1,1,1,1
1252,0,0,0,0,0,1,1
1253,1,1,1,1,0,1,1
1254,0,0,0,0,0,0,0
1255,1,1,1,1,1,0,1
1256,0,0,0,0,1,0,1
1257,1,1,1,1,1,1,1
1258,1,1,1,1,1,1,1
1259,0,0,0,0,0,1,0
1260,1,1,1,0,1,1,1
1261,1,1,1,1,1,1,0
1262,0,0,0,0,0,0,0
1263,1,1,1,1,1,1,1
1264,1,1,1,1,1,0,1
1265,1,1,1,1,1,0,0
1266,1,1,1,1,1,1,1
1267,0,0,0,0,1,1,0
1268,1,1,1,1,1,1,1
1269,0,0,0,0,0,0,0
1270,0,0,0,0,0,0,0
1271,1,1,1,1,0,0,1
1272,1,1,1,1,1,0,1
1273,1,1,1,1,1,1,1
1274,0,0,0,0,0,0,0
1275,0,0,0,0,0,0,1
1276,1,1,1,1,1,1,1
1277,1,1,1,1,1,0,1
1278,1,1,1,1,1,1,1
1279,1,1,1,1,1,1,1
1280,0,0,0,0,0,0,0
1281,0,0,0,0,0,1,0
1282,0,0,0,0,0,0,0
1283,1,0,0,0,1,1,1
1284,1,1,1,1,1,1,1
1285,0,0,0,0,0,0,0
1286,1,1,1,1,1,1,1
1287,0,0,0,0,0,0,0
1288,1,1,1,1,1,1,1
1289,0,0,0,0,0,0,0
1290,0,0,0,0,1,1,1
1291,0,0,0,0,0,0,0
1292,1,1,1,1,1,1,1
1293,1,1,1,1,1,1,1
1294,1,1,1,1,1,1,1
1295,1,1,1,1,1,1,1
1296,1,1,1,1,1,1,1
1297,1,1,1,1,1,1,1
1298,1,0,0,0,1,1,1
1299,1,1,1,1,1,1,1
1300,0,0,0,0,1,1,0
1301,0,0,0,0,0,0,0
1302,0,0,0,0,0,0,0
1303,1,1,1,1,1,0,1
1304,0,0,0,0,0,0,0
1305,0,0,0,0,0,0,0
1306,1,1,1,1,1,1,1
1307,1,1,1,1,1,1,1
1308,0,1,1,1,0,0,0
1309,1,1,1,1,1,1,1
1310,0,0,0,0,0,1,0
1311,1,1,1,1,1,1,1
1312,0,0,0,0,0,0,0
1313,0,0,0,0,0,0,1
1314,1,0,0,0,1,1,0
1315,0,0,0,0,0,0,0
1316,1,0,0,0,1,1,1
1317,0,0,0,0,0,0,0
1318,1,1,1,0,0,1,1
1319,0,0,0,0,0,0,0
1320,0,0,0,0,0,1,0
1321,1,1,1,1,1,1,1
1322,0,0,0,0,1,0,0
1323,0,0,0,0,0,0,0
1324,0,1,1,1,0,1,0
1325,1,1,1,1,1,1,1
1326,1,1,1,1,1,1,1
1327,1,1,1,1,1,1,1
1328,0,1,1,1,1,0,1
1329,0,0,0,0,0,0,0
1330,1,1,1,1,1,1,1
1331,1,1,1,1,1,1,1
1332,0,0,0,0,0,1,1
1333,0,0,0,0,0,0,0
1334,0,0,0,0,0,1,0
1335,0,0,0,0,0,0,0
1336,1,1,1,1,1,1,1
1337,0,0,0,0,0,0,1
1338,0,0,0,0,0,1,0
1339,0,1,1,1,0,0,0
1340,1,1,1,1,1,1,1
1341,1,1,1,1,1,1,1
1342,1,1,1,1,1,1,1
1343,0,0,0,0,1,0,1
1344,0,0,0,0,0,0,0
1345,0,0,0,0,0,0,0
1346,1,1,1,1,1,1,1
1347,0,0,0,0,1,1,1
1348,1,1,1,1,1,1,1
1349,0,0,0,0,0,0,0
1350,0,0,0,0,0,1,0
1351,1,1,1,1,1,1,0
1352,1,1,1,1,1,0,1
1353,0,0,0,0,0,0,0
1354,0,0,0,0,0,0,0
1355,1,1,1,1,1,1,1
1356,0,0,0,0,0,0,0
1357,1,1,1,1,1,1,1
1358,0,0,0,0,0,1,0
1359,0,0,0,0,0,0,0
1360,1,1,1,0,0,0,1
1361,0,0,0,0,0,1,0
1362,1,1,1,1,1,0,1
1363,0,0,0,0,0,0,0
1364,1,1,1,1,1,1,1
1365,0,0,0,0,0,1,0
1366,0,0,0,0,0,0,0
1367,1,1,1,1,1,1,1
1368,0,0,0,0,0,1,1
1369,1,1,1,0,1,1,1
1370,1,1,1,1,1,1,1
1371,1,1,1,1,1,1,1
1372,1,1,1,1,1,1,1
1373,1,1,1,0,1,0,1
1374,1,1,1,1,1,1,1
1375,1,1,1,1,1,1,1
1376,1,0,0,1,1,1,0
1377,1,1,1,1,1,1,1
1378,1,1,1,1,1,0,1
1379,1,1,1,0,1,1,1
1380,0,0,0,0,0,0,0
1381,1,1,1,1,1,0,0
1382,1,1,1,1,1,0,1
1383,0,0,0,0,0,0,0
1384,1,1,1,1,1,0,1
1385,1,1,1,1,1,1,0
1386,0,0,0,0,0,0,0
1387,0,0,0,0,0,1,0
1388,0,0,0,0,0,0,1
1389,0,1,1,0,1,0,1
1390,0,0,0,0,0,0,0
1391,1,1,1,1,1,1,1
1392,1,1,1,1,1,1,1
1393,1,1,1,1,1,0,1
1394,0,0,0,0,0,0,0
1395,0,0,0,0,0,0,1
1396,0,0,0,0,0,1,0
1397,1,1,1,1,0,1,1
1398,1,1,1,1,1,0,0
1399,1,1,1,1,1,0,1
1400,1,1,1,1,1,1,1
1401,0,0,0,0,0,0,0
1402,0,0,0,0,0,0,0
1403,0,0,0,0,0,0,0
1404,1,1,1,1,1,1,1
1405,1,1,1,1,1,1,1
1406,1,1,1,1,1,0,1
1407,1,1,1,1,1,1,1
1408,1,1,1,1,1,1,1
1409,1,1,1,1,1,1,1
1410,1,1,1,1,1,1,1
1411,0,0,0,0,0,0,0
1412,1,1,1,1,1,1,1
1413,1,1,1,1,1,1,1
1414,0,0,0,0,0,0,0
1415,0,0,0,0,0,0,0
1416,1,1,1,1,1,1,1
1417,1,1,1,1,1,1,1
1418,0,0,0,0,0,0,0
1419,0,1,1,0,1,1,1
1420,1,1,1,1,1,1,1
1421,1,1,1,1,1,1,1
1422,1,1,1,1,1,1,1
1423,0,0,0,0,0,0,0
1424,0,0,0,0,0,0,0
1425,1,1,1,1,1,0,1
1426,1,1,1,1,1,0,1
1427,0,0,0,0,0,0,0
1428,1,0,0,0,1,1,1
1429,1,1,1,1,1,1,0
1430,0,0,0,0,0,0,0
1431,1,1,1,0,1,1,1
1432,1,1,1,1,1,1,1
1433,0,0,1,1,1,0,1
1434,0,0,0,0,0,0,0
1435,1,1,1,1,1,1,1
1436,0,0,0,0,0,1,0
1437,0,0,0,0,0,1,0
1438,0,1,1,1,0,0,1
1439,1,1,1,1,0,1,1
1440,1,1,1,1,1,1,1
1441,1,1,1,0,1,0,0
1442,1,1,1,1,1,1,1
1443,0,0,0,0,0,0,0
1444,0,1,1,1,0,0,0
1445,1,1,1,1,1,1,1
1446,0,0,0,0,0,0,1
1447,1,1,1,1,1,1,1
1448,1,1,1,1,1,1,0
1449,1,1,1,1,1,0,1
1450,1,0,0,0,1,1,0
1451,1,1,1,1,1,1,1
1452,1,1,1,1,1,1,1
1453,1,0,0,0,1,1,0
1454,1,1,1,1,1,1,1
1455,1,1,1,1,1,0,1
1456,1,1,1,1,1,0,1
1457,0,0,0,0,0,0,0
1458,0,0,0,0,0,0,0
1459,1,1,1,1,1,1,1
1460,0,0,0,0,0,0,0
1461,1,1,1,1,1,1,1
1462,0,0,0,0,0,0,0
1463,1,1,1,1,1,1,1
1464,1,1,1,1,1,1,1
1465,0,0,0,0,0,1,0
1466,1,1,1,1,1,0,1
1467,0,0,0,0,0,0,0
1468,1,1,1,1,1,1,0
1469,1,1,1,1,1,1,1
1470,0,0,0,0,0,0,0
1471,0,0,0,0,0,0,0
1472,0,0,0,0,0,0,0
1473,0,0,0,1,0,0,0
1474,1,1,1,0,1,1,1
1475,1,1,1,1,1,1,1
1476,1,1,1,0,1,1,0
1477,1,1,1,1,1,1,1
1478,0,0,0,0,0,0,0
1479,1,1,1,0,1,1,1
1480,0,0,0,0,0,0,0
1481,1,1,1,1,1,1,1
1482,1,1,1,1,1,1,1
1483,0,0,0,0,0,0,0
1484,0,0,0,0,0,0,0
1485,1,1,1,1,1,0,0
1486,0,0,0,0,0,0,0
1487,0,0,0,0,0,0,0
1488,0,0,0,0,0,0,0
1489,0,0,0,0,0,1,0
1490,1,1,1,1,1,1,1
1491,1,1,1,1,1,0,0
1492,0,0,0,0,0,0,0
1493,1,1,1,1,1,1,1
1494,1,1,1,1,1,1,1
1495,0,0,0,0,0,0,0
1496,1,1,1,1,1,1,1
1497,0,0,0,0,0,0,0
1498,1,0,0,0,1,1,1
1499,1,1,1,0,1,1,1
1500,1,1,1,1,1,1,1
1501,0,0,0,0,0,0,0
1502,1,1,1,1,1,1,1
1503,0,0,0,0,0,0,0
1504,1,1,1,1,1,1,1
1505,0,1,1,1,1,1,1
1506,0,0,0,0,0,1,0
1507,0,0,0,0,0,0,0
1508,1,1,1,1,1,1,1
1509,0,0,0,0,0,1,0
1510,0,0,0,0,0,0,1
1511,1,1,1,1,1,1,1
1512,1,1,1,1,1,1,1
1513,0,0,0,0,0,0,0
1514,0,0,0,0,0,0,0
1515,1,1,1,1,1,1,1
1516,1,1,1,1,1,1,1
1517,1,1,1,1,1,1,1
1518,0,0,0,0,0,0,1
1519,0,0,0,0,0,0,0
1520,1,1,1,1,1,1,1
1521,0,0,0,0,0,0,0
1522,0,0,0,0,0,0,0
1523,1,1,1,1,1,1,0
1524,1,1,1,1,1,1,1
1525,1,1,1,1,1,1,1
1526,1,1,1,1,1,1,1
1527,1,1,1,1,1,1,1
1528,0,0,0,0,0,0,0
1529,0,0,0,1,1,1,1
1530,0,0,1,0,1,0,1
1531,1,1,1,1,1,1,1
1532,0,0,0,0,0,0,0
1533,0,0,0,0,0,0,0
1534,1,1,1,1,1,1,1
1535,0,0,0,0,0,0,0
1536,0,0,0,0,0,0,0
1537,0,0,0,0,0,0,0
1538,0,0,0,0,0,1,0
1539,0,0,0,0,0,0,0
1540,1,1,1,1,1,1,1
1541,1,1,1,1,1,0,1
1542,1,1,1,1,0,1,0
1543,0,0,0,0,0,0,0
1544,0,0,0,0,0,0,0
1545,1,1,1,0,1,1,1
1546,1,1,1,1,1,1,1
1547,1,1,1,1,1,1,1
1548,1,1,1,1,0,1,1
1549,1,1,1,1,1,1,1
1550,0,0,0,1,0,1,0
1551,1,1,1,1,1,1,1
1552,1,1,1,1,1,1,1
1553,0,0,0,0,0,1,0
1554,0,0,0,0,0,1,0
1555,0,0,0,0,0,0,0
1556,0,0,0,0,0,0,0
1557,1,1,1,1,1,1,1
1558,1,0,0,0,1,0,1
1559,1,1,1,1,1,1,1
1560,1,1,1,1,1,1,1
1561,0,0,0,0,0,0,1
1562,0,0,0,0,0,0,0
1563,0,0,0,0,0,0,1
1564,1,1,1,0,1,1,0
1565,1,1,1,1,1,1,1
1566,0,0,0,0,0,0,0
1567,0,0,0,0,0,0,0
1568,1,1,1,1,1,1,1
1569,1,1,1,1,1,1,1
1570,1,1,1,1,1,1,1
1571,0,0,0,0,0,0,0
1572,1,1,1,1,1,1,1
1573,1,1,1,1,1,1,1
1574,1,1,1,1,1,1,1
1575,1,1,1,1,1,1,1
1576,1,1,1,0,0,1,0
1577,0,0,0,0,0,0,0
1578,0,0,0,0,0,0,0
1579,1,1,1,1,1,1,1
1580,0,0,0,0,0,0,0
1581,0,0,0,0,0,0,1
1582,1,1,1,1,1,1,1
1583,1,1,1,0,1,0,1
1584,1,1,1,1,1,0,1
1585,1,1,1,1,1,1,1
1586,1,1,1,1,1,1,1
1587,1,1,1,1,1,1,1
1588,1,1,1,1,1,1,1
1589,1,1,1,1,0,1,1
1590,1,1,1,1,1,1,1
1591,0,0,0,0,0,0,0
1592,1,0,0,0,1,1,1
1593,0,0,0,0,0,0,0
1594,1,0,0,0,1,0,0
1595,1,1,1,1,1,1,1
1596,0,0,0,0,0,0,0
1597,0,0,0,0,0,1,0
1598,0,0,0,0,0,0,0
1599,0,0,0,0,0,1,0
1600,1,1,1,1,1,1,1
1601,0,0,0,0,0,0,0
1602,0,0,0,0,0,0,0
1603,0,0,0,0,0,0,0
1604,1,1,1,1,1,1,1
1605,1,1,1,1,1,1,1
1606,1,1,1,1,1,1,1
1607,0,0,0,0,0,0,0
1608,0,0,0,0,0,0,0
1609,0,0,0,0,0,0,0
1610,0,0,0,0,0,0,0
1611,1,1,1,1,1,1,1
1612,1,1,1,0,1,1,1
1613,1,1,1,1,1,1,1
1614,1,1,1,1,1,1,1
1615,0,0,0,0,0,0,0
1616,1,1,1,1,1,1,1
1617,0,0,0,1,0,0,0
1618,0,0,0,0,0,0,0
1619,0,0,0,0,0,0,0
1620,0,0,0,0,0,0,1
1621,1,1,1,1,0,1,0
1622,1,1,1,1,1,1,1
1623,1,1,1,1,1,0,1
1624,0,0,0,0,0,0,0
1625,0,0,0,0,0,0,1
1626,1,1,1,1,1,1,1
1627,0,0,0,0,0,0,0
1628,1,1,1,1,1,1,1
1629,1,1,1,1,0,1,0
1630,1,1,1,1,1,0,1
1631,0,0,0,0,1,0,1
1632,1,1,1,1,1,0,0
1633,0,0,0,0,0,1,1
1634,1,1,1,1,1,1,1
1635,1,1,1,1,1,0,1
1636,0,0,0,0,0,0,0
1637,0,0,0,0,0,0,1
1638,0,0,0,0,0,0,0
1639,0,0,0,0,0,0,0
1640,0,0,0,0,0,0,0
1641,1,1,1,1,1,1,1
1642,0,0,0,0,0,0,1
1643,1,1,1,1,1,1,1
1644,0,0,0,0,0,0,0
1645,0,0,0,0,0,0,0
1646,0,0,0,0,0,0,0
1647,0,0,0,0,0,0,0
1648,1,1,1,0,0,1,0
1649,1,1,1,1,1,1,1
1650,0,0,0,0,0,0,1
1651,0,0,0,0,1,1,1
1652,0,0,0,0,0,1,0
1653,1,1,1,1,1,0,0
1654,0,0,0,0,0,0,0
1655,1,1,1,1,1,1,1
1656,1,1,1,1,1,0,1
1657,1,1,1,1,1,1,1
1658,0,0,0,0,0,0,0
1659,0,0,0,0,0,0,0
1660,0,0,0,0,0,0,0
1661,1,1,1,1,1,1,1
1662,1,1,1,1,1,0,1
1663,0,0,0,0,0,0,0
1664,0,0,0,0,0,1,0
1665,0,0,0,0,0,0,0
1666,1,1,1,1,1,1,1
1667,1,1,1,1,0,0,1
1668,0,0,0,0,0,1,0
1669,1,1,1,1,1,1,1
1670,0,0,0,0,0,0,0
1671,1,0,0,0,0,0,1
1672,0,0,0,0,0,0,0
1673,0,0,0,0,0,0,0
1674,1,1,1,1,0,1,1
1675,0,0,0,0,0,0,0
1676,0,0,0,0,0,1,1
1677,1,1,1,1,1,1,1
1678,0,0,0,0,0,0,0
1679,1,1,1,1,1,0,1
1680,0,0,0,0,1,0,1
1681,0,0,0,0,0,0,0
1682,0,0,0,0,0,0,0
1683,1,1,1,1,1,1,1
1684,0,0,0,0,0,0,0
1685,0,0,0,0,0,1,0
1686,1,1,1,1,1,1,1
1687,0,0,0,0,1,1,1
1688,1,1,1,1,1,0,0
1689,1,1,1,1,1,0,0
1690,0,0,0,0,0,0,1
1691,1,1,1,1,1,1,1
1692,0,0,0,0,0,0,0
1693,1,1,1,1,1,1,1
1694,0,0,0,0,0,0,0
1695,0,1,1,1,1,0,0
1696,0,0,0,0,0,1,0
1697,1,1,1,1,1,1,1
1698,0,0,0,0,0,0,0
1699,1,0,0,0,1,1,0
1700,0,0,0,0,0,0,0
1701,0,1,1,1,0,0,0
1702,0,0,0,0,0,1,0
1703,0,1,1,0,0,0,0
1704,0,0,0,0,0,0,0
1705,1,1,1,1,1,1,1
1706,1,1,1,1,1,1,1
1707,1,1,1,1,1,1,1
1708,0,1,1,1,1,0,0
1709,1,1,1,0,1,1,1
1710,1,1,1,1,1,0,1
1711,1,1,1,1,1,1,1
1712,0,0,0,0,0,0,0
1713,0,0,0,0,0,0,0
1714,1,1,1,1,1,1,1
1715,0,0,0,0,0,1,0
1716,1,1,1,1,1,1,1
1717,1,1,1,1,1,1,1
1718,0,0,0,0,0,0,0
1719,1,1,1,1,1,1,1
1720,0,0,0,0,0,0,0
1721,0,0,0,0,0,0,0
1722,1,1,1,1,1,1,1
1723,1,1,1,1,1,1,1
1724,0,0,0,0,0,1,1
1725,0,0,0,0,0,0,0
1726,0,0,0,0,0,0,0
1727,1,1,1,1,1,0,1
1728,0,0,0,0,0,0,0
1729,0,0,0,0,0,1,0
1730,1,1,1,1,1,1,1
1731,0,0,0,0,0,0,0
1732,1,1,1,1,1,0,1
1733,0,0,0,0,0,0,0
1734,1,1,1,1,1,1,1
1735,0,0,0,0,0,0,0
1736,1,1,1,1,1,0,1
1737,0,0,0,0,0,0,0
1738,0,0,0,1,0,0,0
1739,0,0,0,0,0,0,0
1740,0,0,0,0,0,0,0
1741,1,1,1,1,1,0,1
1742,0,0,0,0,0,0,1
1743,1,1,1,1,1,1,1
1744,0,0,0,0,0,0,0
1745,1,1,1,1,1,1,1
1746,0,0,0,0,0,0,0
1747,1,1,1,1,1,0,0
1748,1,1,1,1,1,1,1
1749,0,0,0,0,0,1,0
1750,1,1,1,1,1,1,1
1751,1,1,1,1,1,1,1
1752,1,1,1,1,1,1,1
1753,1,1,1,1,1,1,1
1754,0,0,0,0,0,0,0
1755,1,1,1,1,1,1,1
1756,0,0,0,0,0,0,0
1757,0,0,0,0,0,1,1
1758,1,1,1,1,1,0,1
1759,1,1,1,1,1,1,1
1760,1,1,1,1,1,0,0
1761,0,0,0,0,0,0,1
1762,1,1,1,1,1,1,1
1763,1,1,1,1,1,1,1
1764,1,1,1,1,1,1,1
1765,1,1,1,0,0,1,1
1766,0,0,0,0,1,0,0
1767,0,0,0,0,0,0,0
1768,1,1,1,1,0,0,0
1769,0,0,0,0,0,0,0
1770,1,1,1,0,1,0,1
1771,0,0,0,0,0,0,0
1772,1,1,1,1,1,1,1
1773,0,0,0,0,0,0,0
1774,1,1,1,1,1,1,1
1775,1,1,1,1,1,1,1
1776,0,0,0,0,0,1,0
1777,0,0,0,0,0,0,0
1778,1,1,1,1,1,1,1
1779,0,0,0,0,0,0,0
1780,1,1,1,1,1,1,1
1781,1,1,0,0,1,1,1
1782,0,0,0,0,0,0,0
1783,1,1,1,1,1,0,1
1784,0,0,0,0,0,0,0
1785,1,1,1,1,1,1,1
1786,0,0,0,0,0,0,0
1787,0,0,0,0,0,0,0
1788,1,1,1,1,1,1,1
1789,1,0,0,0,1,0,1
1790,0,0,0,0,0,0,0
1791,1,1,1,1,1,0,0
1792,1,1,1,1,1,0,1
1793,1,1,1,1,1,1,1
1794,1,1,1,1,1,1,1
1795,1,1,1,1,1,1,1
1796,1,1,1,1,1,1,1
1797,1,1,1,1,1,1,1
1798,0,0,0,0,0,0,0
1799,1,1,1,1,1,0,1
1800,0,0,0,0,0,0,0
1801,0,0,0,0,0,1,0
1802,0,0,0,0,0,1,0
1803,1,1,1,1,1,0,1
1804,1,1,1,1,1,1,1
1805,1,1,1,1,1,1,1
1806,1,1,1,1,1,1,1
1807,1,1,1,1,1,1,1
1808,1,1,1,1,1,1,1
1809,0,0,0,0,0,0,0
1810,1,1,1,1,1,1,1
1811,0,0,0,0,0,0,0
1812,1,1,1,1,1,1,1
1813,1,1,1,1,1,1,1
1814,0,0,0,0,0,0,1
1815,1,1,1,1,1,1,1
1816,1,1,1,0,1,0,1
1817,1,1,1,1,1,1,1
1818,1,1,1,1,1,0,1
1819,1,1,1,1,1,1,1
1820,0,0,0,0,0,0,0
1821,0,0,0,0,0,0,0
1822,0,0,0,0,0,0,0
1823,1,1,1,1,1,1,1
1824,1,1,1,1,1,1,1
1825,0,0,0,0,0,0,0
1826,1,1,1,1,1,1,0
1827,0,0,0,0,0,0,0
1828,0,0,0,0,0,0,0
1829,1,1,1,1,1,1,1
1830,0,0,0,0,0,0,0
1831,1,1,1,1,1,1,1
1832,0,0,0,0,0,1,0
1833,0,0,0,0,0,0,0
1834,1,1,1,1,1,1,1
1835,1,1,1,1,1,1,1
1836,1,1,1,0,1,1,1
1837,0,0,0,0,1,0,0
1838,0,0,0,0,0,0,0
1839,1,1,1,1,1,1,1
1840,1,1,1,1,1,1,0
1841,1,1,1,1,1,0,1
1842,0,1,1,1,1,1,1
1843,0,0,0,0,0,0,0
1844,0,0,0,0,0,0,0
1845,0,0,0,0,0,0,0
1846,1,1,1,1,1,1,1
1847,0,0,0,0,0,0,0
1848,0,0,0,0,0,0,0
1849,0,0,0,0,0,0,0
1850,1,1,1,1,1,1,1
1851,1,1,1,1,1,0,0
1852,1,1,1,1,1,1,1
1853,0,0,0,0,0,0,0
1854,1,1,1,1,1,1,1
1855,1,1,1,1,1,1,1
1856,1,1,1,1,1,1,1
1857,0,0,0,0,0,0,0
1858,1,1,1,1,1,1,1
1859,0,0,0,0,0,0,0
1860,0,0,0,0,0,1,0
1861,0,0,0,0,0,1,0
1862,0,0,0,0,0,0,0
1863,1,1,1,1,1,1,0
1864,1,1,1,1,1,1,1
1865,0,1,1,0,1,0,1
1866,1,1,1,1,1,1,1
1867,0,0,0,0,0,0,0
1868,1,1,1,1,1,1,1
1869,0,0,0,0,0,0,0
1870,0,0,0,0,0,0,0
1871,0,0,0,0,0,1,0
1872,1,1,1,1,0,1,1
1873,1,1,1,1,1,1,1
1874,1,1,1,1,1,1,1
1875,1,1,1,1,1,1,1
1876,0,0,0,0,0,0,0
1877,1,1,1,0,1,0,1
1878,1,1,1,1,1,1,1
1879,1,1,1,1,1,1,1
1880,0,0,0,0,0,0,1
1881,0,0,0,0,0,0,0
1882,1,1,1,1,1,0,1
1883,1,1,1,1,1,1,1
1884,1,1,1,1,1,1,1
1885,1,1,1,1,1,1,1
1886,0,0,0,0,0,0,1
1887,1,1,1,1,1,1,1
1888,1,1,1,1,1,0,1
1889,0,0,0,0,0,0,0
1890,0,0,0,0,0,0,0
1891,0,0,0,0,0,1,0
1892,1,1,1,1,1,1,1
1893,0,0,0,0,0,0,0
1894,0,0,0,0,0,0,0
1895,0,0,0,0,0,0,0
1896,1,1,1,1,1,1,1
1897,0,0,0,0,0,0,0
1898,0,0,0,0,0,1,0
1899,0,0,0,0,0,0,0
1900,1,1,1,1,1,1,1
1901,0,0,0,0,1,0,0
1902,0,0,0,0,0,1,0
1903,1,1,1,0,1,0,1
1904,1,1,1,1,1,1,1
1905,1,1,1,1,1,1,1
1906,0,0,0,1,0,0,0
1907,1,1,1,1,1,0,1
1908,1,1,1,1,1,0,0
1909,0,0,0,0,0,0,0
1910,1,1,1,1,1,0,1
1911,1,1,1,1,1,1,1
1912,0,0,0,0,0,0,0
1913,1,1,1,1,1,1,1
1914,0,0,0,0,0,0,0
1915,1,1,1,1,1,0,1
1916,1,1,1,1,1,1,1
1917,1,1,1,1,0,1,1
1918,1,1,1,1,1,1,1
1919,1,1,1,1,1,1,1
1920,1,1,1,1,1,1,1
1921,0,0,0,0,0,0,0
1922,0,0,0,0,0,0,0
1923,1,1,1,1,1,1,0
1924,1,1,1,0,0,0,0
1925,0,0,0,0,0,0,1
1926,0,0,0,0,0,0,0
1927,1,1,1,1,1,1,1
1928,1,1,1,1,1,1,1
1929,1,1,1,1,1,1,1
1930,0,0,0,0,0,0,0
1931,0,0,0,0,0,0,0
1932,1,1,1,1,1,0,0
1933,1,0,0,0,0,1,0
1934,0,0,0,0,0,0,0
1935,1,1,1,1,1,1,1
1936,1,1,1,1,1,1,0
1937,0,0,0,0,0,0,0
1938,0,0,0,0,0,0,0
1939,0,0,0,0,1,1,1
1940,1,1,1,1,1,1,1
1941,0,0,0,0,0,0,0
1942,1,1,1,1,1,1,1
1943,0,0,0,0,0,1,0
1944,0,1,1,1,1,0,0
1945,0,0,0,0,0,0,0
1946,1,1,1,1,1,1,1
1947,1,1,1,1,1,1,1
1948,1,1,1,1,1,1,1
1949,0,0,0,0,1,0,0
1950,1,1,1,1,1,1,1
1951,0,0,0,0,0,0,0
1952,1,1,1,1,1,1,1
1953,1,1,1,1,1,1,1
1954,1,1,1,0,1,1,1
1955,0,0,0,0,0,0,0
1956,0,0,0,0,1,0,1
1957,0,0,0,0,0,0,0
1958,1,1,1,1,1,1,1
1959,0,0,0,0,0,1,1
1960,1,1,1,1,1,1,1
1961,1,1,1,1,1,1,1
1962,1,1,1,1,1,1,1
1963,0,0,0,0,0,0,0
1964,1,1,1,1,1,1,1
1965,1,1,1,1,1,1,1
1966,1,1,1,1,1,1,1
1967,0,1,1,1,1,0,1
1968,0,0,0,0,0,0,0
1969,0,0,0,0,0,1,0
1970,0,0,0,0,0,0,0
1971,1,1,1,1,1,0,1
1972,0,0,0,0,0,0,0
1973,1,1,1,1,1,1,1
1974,0,0,0,0,0,1,1
1975,0,0,0,0,0,1,1
1976,1,1,1,1,1,1,1
1977,1,1,1,1,1,1,1
1978,0,0,0,0,0,0,0
1979,1,1,1,1,1,1,1
1980,0,0,0,0,1,0,1
1981,1,1,1,1,1,1,1
1982,1,1,1,1,1,1,1
1983,0,0,0,0,0,0,0
1984,1,1,1,1,1,1,1
1985,1,1,1,1,1,1,1
1986,1,1,1,1,1,1,1
1987,1,1,1,1,1,1,1
1988,1,1,1,0,1,1,1
1989,0,1,1,1,0,0,0
1990,0,0,0,0,0,0,0
1991,1,1,1,0,1,1,1
1992,1,1,1,1,1,0,1
1993,0,1,1,0,0,0,0
1994,0,0,0,0,1,1,1
1995,0,0,0,0,0,0,0
1996,1,1,1,1,1,1,1
1997,1,1,1,1,1,1,1
1998,1,1,1,1,1,1,1
1999,1,0,0,0,1,1,1
2000,1,1,1,0,1,0,0
2001,1,1,1,1,1,1,0
2002,1,1,1,1,1,1,1
2003,1,1,1,1,1,1,1
2004,1,1,1,1,1,1,1
2005,0,0,0,0,0,0,0
2006,0,0,0,0,0,0,0
2007,1,1,1,1,1,1,1
2008,1,1,1,1,1,1,1
2009,1,1,1,1,1,1,1
2010,1,1,1,1,1,1,1
2011,1,1,1,1,1,1,1
2012,0,0,0,0,0,0,0
2013,1,1,1,1,1,1,1
2014,1,1,1,1,1,1,1
2015,0,0,0,0,0,0,0
2016,1,1,1,1,1,1,1
2017,1,0,0,0,0,1,1
2018,1,1,1,1,0,0,0
2019,0,0,0,0,0,0,0
2020,1,1,1,1,1,1,1
2021,1,1,1,1,1,0,1
2022,1,1,1,1,1,1,1
2023,1,1,1,1,1,1,1
2024,1,1,1,1,1,1,1
2025,1,1,1,1,1,0,1
2026,0,0,0,0,0,1,0
2027,1,1,1,1,0,0,1
2028,0,0,0,0,0,0,0
2029,0,1,1,1,0,0,0
2030,0,0,0,0,0,0,0
2031,1,1,1,1,1,1,1
2032,0,0,0,0,0,0,1
2033,1,1,1,1,0,0,0
2034,0,1,1,1,0,0,0
2035,0,0,0,0,0,0,0
2036,1,1,1,1,1,1,1
2037,1,1,1,1,1,1,1
2038,0,0,0,0,0,0,0
2039,1,1,1,1,1,1,1
2040,0,0,0,0,0,0,0
2041,0,0,0,0,0,0,0
2042,1,1,1,1,1,1,1
2043,1,1,1,1,1,0,0
2044,1,1,1,1,1,1,1
2045,1,1,1,1,1,1,1
2046,1,1,1,1,1,0,1
2047,1,1,1,1,1,0,0
2048,1,1,1,1,1,0,1
2049,1,1,1,1,1,1,1
2050,0,0,0,0,0,0,0
2051,1,1,1,1,1,1,1
2052,0,0,0,0,0,0,0
2053,1,1,1,1,1,1,1
2054,1,0,0,0,1,1,1
2055,0,0,0,0,0,0,0
2056,1,1,1,1,1,1,1
2057,0,0,0,0,0,0,0
2058,1,1,1,1,1,1,1
2059,1,1,1,1,1,1,1
2060,0,0,0,0,0,0,0
2061,1,1,1,1,1,1,1
2062,1,1,1,0,1,1,1
2063,0,0,0,0,0,0,0
2064,0,0,0,0,0,0,0
2065,0,0,0,0,1,0,0
2066,1,1,1,0,1,1,1
2067,1,0,0,0,1,1,1
2068,0,0,0,0,0,0,0
2069,0,0,0,0,0,0,0
2070,0,0,0,0,0,0,0
2071,0,1,1,1,0,0,0
2072,1,1,1,1,1,1,1
2073,0,0,0,0,0,0,0
2074,1,1,1,1,1,1,1
2075,1,1,1,1,1,1,1
2076,0,0,0,0,0,0,0
2077,0,0,0,0,0,0,0
2078,1,1,1,1,1,0,1
2079,0,1,1,1,0,0,0
2080,1,1,1,1,1,0,1
2081,0,1,1,1,0,0,0
2082,0,0,0,0,0,0,0
2083,0,1,1,1,1,1,0
2084,1,1,1,1,1,1,1
2085,0,0,0,0,0,0,1
2086,1,1,1,1,0,1,0
2087,1,1,1,1,1,1,1
2088,1,1,1,1,1,1,1
2089,0,0,0,0,0,1,1
2090,0,0,0,0,0,0,0
2091,1,1,1,1,1,1,1
2092,1,1,1,1,1,1,1
2093,1,1,1,1,1,1,1
2094,1,1,1,1,1,1,1
2095,0,0,0,0,1,1,1
2096,1,1,1,1,1,1,1
2097,0,1,1,1,1,0,0
2098,1,1,1,1,1,1,1
2099,1,0,1,0,0,1,0
2100,0,0,0,0,0,0,0
2101,1,1,1,1,1,1,1
2102,0,0,0,0,0,0,0
2103,0,0,0,0,0,1,0
2104,1,1,1,1,1,0,1
2105,1,1,1,1,1,1,1
2106,1,1,1,1,1,1,0
2107,0,0,0,0,0,0,0
2108,1,1,1,1,1,1,1
2109,0,0,0,0,0,0,0
2110,0,0,0,0,0,1,0
2111,1,1,1,1,1,1,1
2112,0,0,0,0,0,0,0
2113,0,0,0,0,0,0,0
2114,1,1,1,1,1,1,1
2115,0,0,0,0,0,1,0
2116,1,1,1,1,0,1,1
2117,0,0,0,0,0,0,0
2118,1,1,1,1,1,1,1
2119,0,0,0,0,0,0,0
2120,0,0,0,0,0,0,0
2121,0,0,0,0,0,0,0
2122,0,0,0,1,0,1,0
2123,1,1,1,0,1,1,0
2124,0,0,0,0,0,0,0
2125,1,1,1,1,1,1,1
2126,1,1,1,0,1,0,1
2127,0,1,1,1,1,0,0
2128,1,1,1,0,1,0,0
2129,1,1,1,1,1,1,1
2130,1,1,1,1,1,1,1
2131,1,1,1,1,1,1,1
2132,1,1,1,1,1,1,1
2133,1,1,1,1,1,1,1
2134,1,1,1,1,1,0,1
2135,0,0,0,0,0,1,1
2136,1,1,1,1,1,0,1
2137,0,0,0,0,0,1,0
2138,0,0,0,0,0,0,0
2139,1,1,1,1,1,0,1
2140,0,0,0,0,1,1,1
2141,1,1,1,1,1,0,1
2142,0,0,0,0,0,0,0
2143,0,0,0,0,0,0,0
2144,0,0,0,0,0,0,0
2145,1,1,1,1,1,1,1
2146,1,1,1,1,1,1,1
2147,0,0,0,0,0,0,0
2148,0,0,0,0,0,0,0
2149,0,0,0,0,1,1,0
2150,0,0,0,0,0,0,0
2151,1,1,1,1,1,1,1
2152,1,1,1,1,1,1,0
2153,0,0,0,0,0,0,0
2154,0,0,0,0,0,1,0
2155,0,1,1,1,1,0,1
2156,1,1,1,1,1,1,1
2157,1,1,1,1,1,1,1
2158,1,1,1,1,1,1,1
2159,0,1,1,0,0,0,0
2160,0,0,0,0,0,0,0
2161,1,1,1,1,1,0,0
2162,1,1,1,1,1,0,1
2163,1,1,1,1,1,1,1
2164,1,1,1,1,1,1,1
2165,1,1,1,1,1,1,1
2166,1,1,1,1,1,1,1
2167,0,0,0,0,0,0,0
2168,0,0,0,0,0,0,0
2169,0,1,1,1,1,1,1
2170,0,1,1,1,1,0,0
2171,1,1,1,1,1,1,1
2172,1,0,0,0,1,0,1
2173,1,1,1,1,1,1,1
2174,1,1,1,1,1,0,1
2175,0,0,0,0,0,0,0
2176,1,1,1,1,1,1,1
2177,1,1,1,1,1,1,1
2178,0,0,0,0,0,0,0
2179,0,0,0,0,0,0,1
2180,0,0,0,0,0,1,0
2181,0,0,0,0,0,1,0
2182,0,1,1,1,0,0,0
2183,1,1,1,1,1,0,1
2184,1,1,1,1,1,1,1
2185,1,1,1,1,1,1,1
2186,0,0,0,0,0,0,1
2187,1,1,1,1,1,1,1
2188,0,0,0,0,0,0,0
2189,0,0,0,0,0,0,1
2190,0,0,0,0,0,0,0
2191,1,1,1,1,1,1,1
2192,0,0,0,0,0,1,0
2193,1,1,1,1,1,0,0
2194,1,1,1,1,1,1,1
2195,1,1,1,1,1,1,1
2196,1,1,1,1,1,1,1
2197,0,0,0,0,0,0,0
2198,0,0,0,0,0,0,0
2199,1,1,1,1,1,1,1
2200,1,1,1,1,1,1,1
2201,1,1,1,1,1,1,1
2202,1,1,1,1,1,0,1
2203,1,1,1,1,1,0,1
2204,0,0,0,0,0,0,0
2205,1,1,1,1,1,1,1
2206,0,0,0,0,1,0,0
2207,1,1,1,1,1,1,1
2208,0,0,0,0,0,0,0
2209,0,0,0,0,0,0,0
2210,0,0,0,0,0,0,0
2211,1,1,1,1,1,1,1
2212,1,1,1,1,1,1,1
2213,1,1,1,1,1,1,1
2214,1,1,1,1,1,1,1
2215,1,1,1,1,1,0,1
2216,0,0,0,0,0,0,0
2217,1,1,1,1,1,1,1
2218,1,1,1,1,1,0,1
2219,0,0,0,0,0,0,0
2220,1,1,1,1,1,0,1
2221,0,0,0,0,0,0,0
2222,0,1,1,1,0,0,0
2223,1,1,1,0,1,0,1
2224,0,1,1,0,1,0,1
2225,0,0,0,0,0,0,0
2226,1,1,1,1,1,0,1
2227,0,0,0,0,0,0,0
2228,0,0,0,0,0,0,0
2229,0,0,0,0,0,0,0
2230,1,1,1,1,1,0,0
2231,0,0,0,0,0,0,1
2232,0,0,0,0,0,0,0
2233,1,1,1,1,1,0,1
2234,0,1,1,1,1,0,0
2235,1,1,1,1,1,0,0
2236,0,0,0,0,1,0,0
2237,0,0,0,0,0,0,0
2238,0,0,0,0,0,0,0
2239,0,0,0,0,0,0,0
2240,0,0,0,0,0,0,0
2241,1,1,1,1,1,0,0
2242,0,0,0,0,0,0,0
2243,1,1,1,1,1,1,1
2244,0,1,1,1,0,0,0
2245,1,1,1,1,0,1,1
2246,1,1,1,1,1,1,1
2247,1,1,1,1,1,1,1
2248,1,1,1,1,1,1,1
2249,1,1,1,1,1,1,1
2250,0,0,0,0,0,0,0
2251,1,1,1,1,1,1,1
2252,1,1,1,1,1,1,1
2253,1,1,1,1,1,1,1
2254,1,1,1,1,1,1,1
2255,0,0,0,0,0,0,0
2256,0,0,0,0,0,0,0
2257,0,0,0,0,0,0,0
2258,1,1,1,1,1,1,1
2259,1,1,1,1,1,1,1
2260,0,0,0,0,0,0,0
2261,1,1,1,1,1,1,1
2262,1,1,1,1,1,0,1
2263,0,0,0,0,0,0,0
2264,0,0,0,0,0,0,0
2265,1,1,1,1,1,1,1
2266,0,0,0,0,0,0,0
2267,0,1,0,1,0,0,0
2268,0,1,1,1,1,0,0
2269,1,1,1,1,1,1,0
2270,0,0,0,0,0,0,0
2271,1,1,1,1,1,0,0
2272,1,1,1,1,1,1,1
2273,0,0,0,0,0,0,0
2274,1,1,1,1,1,1,1
2275,0,1,1,1,1,1,1
2276,1,1,1,1,1,1,1
2277,1,1,1,1,1,1,1
2278,0,0,0,0,0,0,0
2279,0,0,0,0,0,0,0
2280,1,1,1,1,1,1,1
2281,0,0,0,0,0,0,0
2282,0,1,1,1,0,0,0
2283,1,1,1,1,1,0,0
2284,0,1,1,1,0,0,0
2285,1,1,1,1,1,1,1
2286,0,0,0,0,0,0,0
2287,0,0,0,0,0,0,0
2288,0,1,1,1,0,1,0
2289,1,0,0,0,1,1,1
2290,0,0,0,0,0,0,0
2291,0,0,0,0,0,0,0
2292,0,0,0,0,0,0,0
2293,1,1,1,1,1,1,1
2294,0,0,0,0,0,0,0
2295,0,0,0,0,0,1,0
2296,1,1,1,1,0,1,0
2297,0,0,0,0,0,0,0
2298,0,0,0,0,0,0,0
2299,1,1,1,1,1,0,1
